{
  "seed": 114876502,
  "noiseOffsetX": 5905.306927297668,
  "noiseOffsetY": 7372.942386831276
}